{"cameraMode":{"drawMode":0,"name":"Shaded","section":"Shading Mode"},"sceneLighting":true,"audioPlay":false,"sceneViewState":{"showFog":true,"showMaterialUpdate":true,"showSkybox":true,"showFlares":true,"showImageEffects":true,"showParticleSystems":true},"in2DMode":false,"pivot":{"x":4.618401050567627,"y":0.4874734878540039,"z":4.9633588790893559},"rotation":{"x":0.0032709541264921428,"y":-0.7310747504234314,"z":0.6822938919067383,"w":0.0035080136731266977},"size":5.089836597442627,"orthographic":false}